법정동코드,지하철총승객,출근지하철승객,퇴근지하철승객,법정동명,Si,Gu,Dong
11110101.0,0.0,0.0,0.0,서울특별시 종로구 청운동,서울특별시,종로구,청운동
11110102.0,0.0,0.0,0.0,서울특별시 종로구 신교동,서울특별시,종로구,신교동
11110103.0,0.0,0.0,0.0,서울특별시 종로구 궁정동,서울특별시,종로구,궁정동
11110104.0,0.0,0.0,0.0,서울특별시 종로구 효자동,서울특별시,종로구,효자동
11110105.0,0.0,0.0,0.0,서울특별시 종로구 창성동,서울특별시,종로구,창성동
11110106.0,17546632.0,975332.0,6033566.0,서울특별시 종로구 통의동,서울특별시,종로구,통의동
11110107.0,17546632.0,975332.0,6033566.0,서울특별시 종로구 적선동,서울특별시,종로구,적선동
11110108.0,0.0,0.0,0.0,서울특별시 종로구 통인동,서울특별시,종로구,통인동
11110109.0,0.0,0.0,0.0,서울특별시 종로구 누상동,서울특별시,종로구,누상동
11110110.0,0.0,0.0,0.0,서울특별시 종로구 누하동,서울특별시,종로구,누하동
11110111.0,0.0,0.0,0.0,서울특별시 종로구 옥인동,서울특별시,종로구,옥인동
11110112.0,17546632.0,975332.0,6033566.0,서울특별시 종로구 체부동,서울특별시,종로구,체부동
11110113.0,17546632.0,975332.0,6033566.0,서울특별시 종로구 필운동,서울특별시,종로구,필운동
11110114.0,17546632.0,975332.0,6033566.0,서울특별시 종로구 내자동,서울특별시,종로구,내자동
11110115.0,17546632.0,975332.0,6033566.0,서울특별시 종로구 사직동,서울특별시,종로구,사직동
11110116.0,17546632.0,975332.0,6033566.0,서울특별시 종로구 도렴동,서울특별시,종로구,도렴동
11110117.0,17546632.0,975332.0,6033566.0,서울특별시 종로구 당주동,서울특별시,종로구,당주동
11110118.0,17546632.0,975332.0,6033566.0,서울특별시 종로구 내수동,서울특별시,종로구,내수동
11110119.0,17546632.0,975332.0,6033566.0,서울특별시 종로구 세종로,서울특별시,종로구,세종로
11110120.0,17546632.0,975332.0,6033566.0,서울특별시 종로구 신문로1가,서울특별시,종로구,신문로1가
11110121.0,17546632.0,975332.0,6033566.0,서울특별시 종로구 신문로2가,서울특별시,종로구,신문로2가
11110130.0,0.0,0.0,0.0,서울특별시 종로구 와룡동,서울특별시,종로구,와룡동
11110139.0,0.0,0.0,0.0,서울특별시 종로구 팔판동,서울특별시,종로구,팔판동
11110140.0,0.0,0.0,0.0,서울특별시 종로구 삼청동,서울특별시,종로구,삼청동
11110141.0,0.0,0.0,0.0,서울특별시 종로구 안국동,서울특별시,종로구,안국동
11110142.0,0.0,0.0,0.0,서울특별시 종로구 소격동,서울특별시,종로구,소격동
11110143.0,0.0,0.0,0.0,서울특별시 종로구 화동,서울특별시,종로구,화동
11110144.0,0.0,0.0,0.0,서울특별시 종로구 사간동,서울특별시,종로구,사간동
11110145.0,0.0,0.0,0.0,서울특별시 종로구 송현동,서울특별시,종로구,송현동
11110146.0,0.0,0.0,0.0,서울특별시 종로구 가회동,서울특별시,종로구,가회동
11110147.0,0.0,0.0,0.0,서울특별시 종로구 재동,서울특별시,종로구,재동
11110148.0,0.0,0.0,0.0,서울특별시 종로구 계동,서울특별시,종로구,계동
11110149.0,0.0,0.0,0.0,서울특별시 종로구 원서동,서울특별시,종로구,원서동
11110165.0,11535959.0,712206.0,2955471.0,서울특별시 종로구 이화동,서울특별시,종로구,이화동
11110166.0,11535959.0,712206.0,2955471.0,서울특별시 종로구 연건동,서울특별시,종로구,연건동
11110168.0,11535959.0,712206.0,2955471.0,서울특별시 종로구 동숭동,서울특별시,종로구,동숭동
11110169.0,0.0,0.0,0.0,서울특별시 종로구 혜화동,서울특별시,종로구,혜화동
11110170.0,0.0,0.0,0.0,서울특별시 종로구 명륜1가,서울특별시,종로구,명륜1가
11110171.0,0.0,0.0,0.0,서울특별시 종로구 명륜2가,서울특별시,종로구,명륜2가
11110172.0,0.0,0.0,0.0,서울특별시 종로구 명륜4가,서울특별시,종로구,명륜4가
11110173.0,0.0,0.0,0.0,서울특별시 종로구 명륜3가,서울특별시,종로구,명륜3가
11110176.0,0.0,0.0,0.0,서울특별시 종로구 교남동,서울특별시,종로구,교남동
11110177.0,0.0,0.0,0.0,서울특별시 종로구 평동,서울특별시,종로구,평동
11110178.0,0.0,0.0,0.0,서울특별시 종로구 송월동,서울특별시,종로구,송월동
11110179.0,0.0,0.0,0.0,서울특별시 종로구 홍파동,서울특별시,종로구,홍파동
11110180.0,0.0,0.0,0.0,서울특별시 종로구 교북동,서울특별시,종로구,교북동
11110181.0,0.0,0.0,0.0,서울특별시 종로구 행촌동,서울특별시,종로구,행촌동
11110182.0,0.0,0.0,0.0,서울특별시 종로구 구기동,서울특별시,종로구,구기동
11110183.0,0.0,0.0,0.0,서울특별시 종로구 평창동,서울특별시,종로구,평창동
11110184.0,0.0,0.0,0.0,서울특별시 종로구 부암동,서울특별시,종로구,부암동
11110185.0,0.0,0.0,0.0,서울특별시 종로구 홍지동,서울특별시,종로구,홍지동
11110186.0,0.0,0.0,0.0,서울특별시 종로구 신영동,서울특별시,종로구,신영동
11110187.0,0.0,0.0,0.0,서울특별시 종로구 무악동,서울특별시,종로구,무악동
11140101.0,20365813.0,789527.0,7828966.0,서울특별시 중구 무교동,서울특별시,중구,무교동
11140102.0,20365813.0,789527.0,7828966.0,서울특별시 중구 다동,서울특별시,중구,다동
11140103.0,20365813.0,789527.0,7828966.0,서울특별시 중구 태평로1가,서울특별시,중구,태평로1가
11140104.0,20365813.0,789527.0,7828966.0,서울특별시 중구 을지로1가,서울특별시,중구,을지로1가
11140105.0,20365813.0,789527.0,7828966.0,서울특별시 중구 을지로2가,서울특별시,중구,을지로2가
11140106.0,20365813.0,789527.0,7828966.0,서울특별시 중구 남대문로1가,서울특별시,중구,남대문로1가
11140107.0,20365813.0,789527.0,7828966.0,서울특별시 중구 삼각동,서울특별시,중구,삼각동
11140108.0,20365813.0,789527.0,7828966.0,서울특별시 중구 수하동,서울특별시,중구,수하동
11140109.0,20365813.0,789527.0,7828966.0,서울특별시 중구 장교동,서울특별시,중구,장교동
11140110.0,20365813.0,789527.0,7828966.0,서울특별시 중구 수표동,서울특별시,중구,수표동
11140111.0,14718948.0,546692.0,5837446.0,서울특별시 중구 소공동,서울특별시,중구,소공동
11140112.0,31419778.0,3173048.0,8755367.0,서울특별시 중구 남창동,서울특별시,중구,남창동
11140113.0,14718948.0,546692.0,5837446.0,서울특별시 중구 북창동,서울특별시,중구,북창동
11140114.0,14718948.0,546692.0,5837446.0,서울특별시 중구 태평로2가,서울특별시,중구,태평로2가
11140115.0,35084761.0,1336219.0,13666412.0,서울특별시 중구 남대문로2가,서울특별시,중구,남대문로2가
11140116.0,46138726.0,3719740.0,14592813.0,서울특별시 중구 남대문로3가,서울특별시,중구,남대문로3가
11140117.0,46138726.0,3719740.0,14592813.0,서울특별시 중구 남대문로4가,서울특별시,중구,남대문로4가
11140118.0,31419778.0,3173048.0,8755367.0,서울특별시 중구 남대문로5가,서울특별시,중구,남대문로5가
11140119.0,46138726.0,3719740.0,14592813.0,서울특별시 중구 봉래동1가,서울특별시,중구,봉래동1가
11140120.0,31419778.0,3173048.0,8755367.0,서울특별시 중구 봉래동2가,서울특별시,중구,봉래동2가
11140121.0,51785591.0,3962575.0,16584333.0,서울특별시 중구 회현동1가,서울특별시,중구,회현동1가
11140122.0,51785591.0,3962575.0,16584333.0,서울특별시 중구 회현동2가,서울특별시,중구,회현동2가
11140123.0,20365813.0,789527.0,7828966.0,서울특별시 중구 회현동3가,서울특별시,중구,회현동3가
11140124.0,51785591.0,3962575.0,16584333.0,서울특별시 중구 충무로1가,서울특별시,중구,충무로1가
11140125.0,20365813.0,789527.0,7828966.0,서울특별시 중구 충무로2가,서울특별시,중구,충무로2가
11140126.0,20365813.0,789527.0,7828966.0,서울특별시 중구 명동1가,서울특별시,중구,명동1가
11140127.0,20365813.0,789527.0,7828966.0,서울특별시 중구 명동2가,서울특별시,중구,명동2가
11140128.0,20365813.0,789527.0,7828966.0,서울특별시 중구 남산동1가,서울특별시,중구,남산동1가
11140129.0,20365813.0,789527.0,7828966.0,서울특별시 중구 남산동2가,서울특별시,중구,남산동2가
11140130.0,20365813.0,789527.0,7828966.0,서울특별시 중구 남산동3가,서울특별시,중구,남산동3가
11140131.0,20365813.0,789527.0,7828966.0,서울특별시 중구 저동1가,서울특별시,중구,저동1가
11140132.0,18618135.0,1113717.0,5942269.0,서울특별시 중구 충무로4가,서울특별시,중구,충무로4가
11140133.0,18618135.0,1113717.0,5942269.0,서울특별시 중구 충무로5가,서울특별시,중구,충무로5가
11140134.0,10282164.0,678414.0,3025570.0,서울특별시 중구 인현동2가,서울특별시,중구,인현동2가
11140135.0,10282164.0,678414.0,3025570.0,서울특별시 중구 예관동,서울특별시,중구,예관동
11140136.0,11373814.0,665914.0,3785854.0,서울특별시 중구 묵정동,서울특별시,중구,묵정동
11140137.0,8335971.0,435303.0,2916699.0,서울특별시 중구 필동1가,서울특별시,중구,필동1가
11140138.0,8335971.0,435303.0,2916699.0,서울특별시 중구 필동2가,서울특별시,중구,필동2가
11140139.0,8335971.0,435303.0,2916699.0,서울특별시 중구 필동3가,서울특별시,중구,필동3가
11140140.0,8335971.0,435303.0,2916699.0,서울특별시 중구 남학동,서울특별시,중구,남학동
11140141.0,8335971.0,435303.0,2916699.0,서울특별시 중구 주자동,서울특별시,중구,주자동
11140142.0,28701784.0,1224830.0,10745665.0,서울특별시 중구 예장동,서울특별시,중구,예장동
11140143.0,3037843.0,230611.0,869155.0,서울특별시 중구 장충동1가,서울특별시,중구,장충동1가
11140144.0,11373814.0,665914.0,3785854.0,서울특별시 중구 장충동2가,서울특별시,중구,장충동2가
11140145.0,10282164.0,678414.0,3025570.0,서울특별시 중구 광희동1가,서울특별시,중구,광희동1가
11140146.0,10282164.0,678414.0,3025570.0,서울특별시 중구 광희동2가,서울특별시,중구,광희동2가
11140147.0,10282164.0,678414.0,3025570.0,서울특별시 중구 쌍림동,서울특별시,중구,쌍림동
11140148.0,10282164.0,678414.0,3025570.0,서울특별시 중구 을지로6가,서울특별시,중구,을지로6가
11140149.0,10282164.0,678414.0,3025570.0,서울특별시 중구 을지로7가,서울특별시,중구,을지로7가
11140150.0,16409763.0,773747.0,5811118.0,서울특별시 중구 을지로4가,서울특별시,중구,을지로4가
11140151.0,16409763.0,773747.0,5811118.0,서울특별시 중구 을지로5가,서울특별시,중구,을지로5가
11140152.0,16409763.0,773747.0,5811118.0,서울특별시 중구 주교동,서울특별시,중구,주교동
11140153.0,16409763.0,773747.0,5811118.0,서울특별시 중구 방산동,서울특별시,중구,방산동
11140154.0,10282164.0,678414.0,3025570.0,서울특별시 중구 오장동,서울특별시,중구,오장동
11140155.0,16409763.0,773747.0,5811118.0,서울특별시 중구 을지로3가,서울특별시,중구,을지로3가
11140156.0,16409763.0,773747.0,5811118.0,서울특별시 중구 입정동,서울특별시,중구,입정동
11140157.0,16409763.0,773747.0,5811118.0,서울특별시 중구 산림동,서울특별시,중구,산림동
11140158.0,8335971.0,435303.0,2916699.0,서울특별시 중구 충무로3가,서울특별시,중구,충무로3가
11140159.0,16409763.0,773747.0,5811118.0,서울특별시 중구 초동,서울특별시,중구,초동
11140160.0,16409763.0,773747.0,5811118.0,서울특별시 중구 인현동1가,서울특별시,중구,인현동1가
11140161.0,16409763.0,773747.0,5811118.0,서울특별시 중구 저동2가,서울특별시,중구,저동2가
11140162.0,15848108.0,3403947.0,3184126.0,서울특별시 중구 신당동,서울특별시,중구,신당동
11140163.0,7322586.0,1428988.0,1447128.0,서울특별시 중구 흥인동,서울특별시,중구,흥인동
11140164.0,7322586.0,1428988.0,1447128.0,서울특별시 중구 무학동,서울특별시,중구,무학동
11140165.0,0.0,0.0,0.0,서울특별시 중구 황학동,서울특별시,중구,황학동
11140166.0,14718948.0,546692.0,5837446.0,서울특별시 중구 서소문동,서울특별시,중구,서소문동
11140167.0,14718948.0,546692.0,5837446.0,서울특별시 중구 정동,서울특별시,중구,정동
11140168.0,46138726.0,3719740.0,14592813.0,서울특별시 중구 순화동,서울특별시,중구,순화동
11140169.0,14718948.0,546692.0,5837446.0,서울특별시 중구 의주로1가,서울특별시,중구,의주로1가
11140170.0,14718948.0,546692.0,5837446.0,서울특별시 중구 충정로1가,서울특별시,중구,충정로1가
11140171.0,0.0,0.0,0.0,서울특별시 중구 중림동,서울특별시,중구,중림동
11140172.0,0.0,0.0,0.0,서울특별시 중구 의주로2가,서울특별시,중구,의주로2가
11140173.0,0.0,0.0,0.0,서울특별시 중구 만리동1가,서울특별시,중구,만리동1가
11140174.0,0.0,0.0,0.0,서울특별시 중구 만리동2가,서울특별시,중구,만리동2가
11170101.0,0.0,0.0,0.0,서울특별시 용산구 후암동,서울특별시,용산구,후암동
11170102.0,1763798.0,206689.0,462857.0,서울특별시 용산구 용산동2가,서울특별시,용산구,용산동2가
11170103.0,1763798.0,206689.0,462857.0,서울특별시 용산구 용산동4가,서울특별시,용산구,용산동4가
11170104.0,6303678.0,1037272.0,1516953.0,서울특별시 용산구 갈월동,서울특별시,용산구,갈월동
11170105.0,6303678.0,1037272.0,1516953.0,서울특별시 용산구 남영동,서울특별시,용산구,남영동
11170106.0,6303678.0,1037272.0,1516953.0,서울특별시 용산구 용산동1가,서울특별시,용산구,용산동1가
11170107.0,6303678.0,1037272.0,1516953.0,서울특별시 용산구 동자동,서울특별시,용산구,동자동
11170108.0,0.0,0.0,0.0,서울특별시 용산구 서계동,서울특별시,용산구,서계동
11170109.0,0.0,0.0,0.0,서울특별시 용산구 청파동1가,서울특별시,용산구,청파동1가
11170110.0,0.0,0.0,0.0,서울특별시 용산구 청파동2가,서울특별시,용산구,청파동2가
11170111.0,0.0,0.0,0.0,서울특별시 용산구 청파동3가,서울특별시,용산구,청파동3가
11170119.0,2920936.0,779261.0,610679.0,서울특별시 용산구 효창동,서울특별시,용산구,효창동
11170120.0,0.0,0.0,0.0,서울특별시 용산구 도원동,서울특별시,용산구,도원동
11170121.0,0.0,0.0,0.0,서울특별시 용산구 용문동,서울특별시,용산구,용문동
11170124.0,20255318.0,2372426.0,5463933.0,서울특별시 용산구 한강로1가,서울특별시,용산구,한강로1가
11170125.0,20255318.0,2372426.0,5463933.0,서울특별시 용산구 한강로2가,서울특별시,용산구,한강로2가
11170126.0,20255318.0,2372426.0,5463933.0,서울특별시 용산구 용산동3가,서울특별시,용산구,용산동3가
11170127.0,20255318.0,2372426.0,5463933.0,서울특별시 용산구 용산동5가,서울특별시,용산구,용산동5가
11170128.0,20255318.0,2372426.0,5463933.0,서울특별시 용산구 한강로3가,서울특별시,용산구,한강로3가
11170131.0,3547653.0,239123.0,1110417.0,서울특별시 용산구 한남동,서울특별시,용산구,한남동
11170132.0,412378.0,71321.0,82371.0,서울특별시 용산구 동빙고동,서울특별시,용산구,동빙고동
11170133.0,412378.0,71321.0,82371.0,서울특별시 용산구 서빙고동,서울특별시,용산구,서빙고동
11170134.0,412378.0,71321.0,82371.0,서울특별시 용산구 주성동,서울특별시,용산구,주성동
11170135.0,412378.0,71321.0,82371.0,서울특별시 용산구 용산동6가,서울특별시,용산구,용산동6가
11170136.0,0.0,0.0,0.0,서울특별시 용산구 보광동,서울특별시,용산구,보광동
11200101.0,0.0,0.0,0.0,서울특별시 성동구 상왕십리동,서울특별시,성동구,상왕십리동
11200102.0,0.0,0.0,0.0,서울특별시 성동구 하왕십리동,서울특별시,성동구,하왕십리동
11200103.0,0.0,0.0,0.0,서울특별시 성동구 홍익동,서울특별시,성동구,홍익동
11200104.0,0.0,0.0,0.0,서울특별시 성동구 도선동,서울특별시,성동구,도선동
11200105.0,1863848.0,536165.0,288605.0,서울특별시 성동구 마장동,서울특별시,성동구,마장동
11200106.0,4345975.0,547714.0,850694.0,서울특별시 성동구 사근동,서울특별시,성동구,사근동
11200107.0,4345975.0,547714.0,850694.0,서울특별시 성동구 행당동,서울특별시,성동구,행당동
11200108.0,335086.0,128772.0,30502.0,서울특별시 성동구 응봉동,서울특별시,성동구,응봉동
11200109.0,2056179.0,735268.0,254550.0,서울특별시 성동구 금호동1가,서울특별시,성동구,금호동1가
11200112.0,2605183.0,956202.0,280350.0,서울특별시 성동구 금호동4가,서울특별시,성동구,금호동4가
11200113.0,2968023.0,829571.0,436195.0,서울특별시 성동구 옥수동,서울특별시,성동구,옥수동
11200118.0,11484436.0,3980195.0,1893408.0,서울특별시 성동구 송정동,서울특별시,성동구,송정동
11200122.0,11484436.0,3980195.0,1893408.0,서울특별시 성동구 용답동,서울특별시,성동구,용답동
11215102.0,13480623.0,3537598.0,2441611.0,서울특별시 광진구 능동,서울특별시,광진구,능동
11215104.0,4485414.0,1293756.0,674769.0,서울특별시 광진구 광장동,서울특별시,광진구,광장동
11215107.0,16630897.0,2882641.0,3546954.0,서울특별시 광진구 화양동,서울특별시,광진구,화양동
11215109.0,0.0,0.0,0.0,서울특별시 광진구 군자동,서울특별시,광진구,군자동
11230101.0,12519479.0,2065988.0,2259215.0,서울특별시 동대문구 신설동,서울특별시,동대문구,신설동
11230102.0,12519479.0,2065988.0,2259215.0,서울특별시 동대문구 용두동,서울특별시,동대문구,용두동
11230103.0,2760720.0,723233.0,443554.0,서울특별시 동대문구 제기동,서울특별시,동대문구,제기동
11230107.0,0.0,0.0,0.0,서울특별시 동대문구 청량리동,서울특별시,동대문구,청량리동
11230108.0,0.0,0.0,0.0,서울특별시 동대문구 회기동,서울특별시,동대문구,회기동
11260101.0,5088821.0,1948661.0,535433.0,서울특별시 중랑구 면목동,서울특별시,중랑구,면목동
11260105.0,982024.0,382206.0,111776.0,서울특별시 중랑구 망우동,서울특별시,중랑구,망우동
11260106.0,2816577.0,1212227.0,235739.0,서울특별시 중랑구 신내동,서울특별시,중랑구,신내동
11290101.0,0.0,0.0,0.0,서울특별시 성북구 성북동,서울특별시,성북구,성북동
11290102.0,0.0,0.0,0.0,서울특별시 성북구 성북동1가,서울특별시,성북구,성북동1가
11290103.0,12026198.0,2665444.0,2061946.0,서울특별시 성북구 돈암동,서울특별시,성북구,돈암동
11290104.0,0.0,0.0,0.0,서울특별시 성북구 동소문동1가,서울특별시,성북구,동소문동1가
11290105.0,12026198.0,2665444.0,2061946.0,서울특별시 성북구 동소문동2가,서울특별시,성북구,동소문동2가
11290106.0,12026198.0,2665444.0,2061946.0,서울특별시 성북구 동소문동3가,서울특별시,성북구,동소문동3가
11290107.0,0.0,0.0,0.0,서울특별시 성북구 동소문동4가,서울특별시,성북구,동소문동4가
11290108.0,12026198.0,2665444.0,2061946.0,서울특별시 성북구 동소문동5가,서울특별시,성북구,동소문동5가
11290109.0,0.0,0.0,0.0,서울특별시 성북구 동소문동6가,서울특별시,성북구,동소문동6가
11290110.0,0.0,0.0,0.0,서울특별시 성북구 동소문동7가,서울특별시,성북구,동소문동7가
11290111.0,12026198.0,2665444.0,2061946.0,서울특별시 성북구 삼선동1가,서울특별시,성북구,삼선동1가
11290112.0,12026198.0,2665444.0,2061946.0,서울특별시 성북구 삼선동2가,서울특별시,성북구,삼선동2가
11290113.0,12026198.0,2665444.0,2061946.0,서울특별시 성북구 삼선동3가,서울특별시,성북구,삼선동3가
11290114.0,12026198.0,2665444.0,2061946.0,서울특별시 성북구 삼선동4가,서울특별시,성북구,삼선동4가
11290115.0,12026198.0,2665444.0,2061946.0,서울특별시 성북구 삼선동5가,서울특별시,성북구,삼선동5가
11290116.0,0.0,0.0,0.0,서울특별시 성북구 동선동1가,서울특별시,성북구,동선동1가
11290117.0,0.0,0.0,0.0,서울특별시 성북구 동선동2가,서울특별시,성북구,동선동2가
11290118.0,0.0,0.0,0.0,서울특별시 성북구 동선동3가,서울특별시,성북구,동선동3가
11290119.0,0.0,0.0,0.0,서울특별시 성북구 동선동4가,서울특별시,성북구,동선동4가
11290120.0,0.0,0.0,0.0,서울특별시 성북구 동선동5가,서울특별시,성북구,동선동5가
11290121.0,3882564.0,364881.0,806220.0,서울특별시 성북구 안암동1가,서울특별시,성북구,안암동1가
11290122.0,3882564.0,364881.0,806220.0,서울특별시 성북구 안암동2가,서울특별시,성북구,안암동2가
11290123.0,3882564.0,364881.0,806220.0,서울특별시 성북구 안암동3가,서울특별시,성북구,안암동3가
11290124.0,3882564.0,364881.0,806220.0,서울특별시 성북구 안암동4가,서울특별시,성북구,안암동4가
11290125.0,3882564.0,364881.0,806220.0,서울특별시 성북구 안암동5가,서울특별시,성북구,안암동5가
11290126.0,2723474.0,863105.0,414679.0,서울특별시 성북구 보문동4가,서울특별시,성북구,보문동4가
11290127.0,2723474.0,863105.0,414679.0,서울특별시 성북구 보문동5가,서울특별시,성북구,보문동5가
11290128.0,2723474.0,863105.0,414679.0,서울특별시 성북구 보문동6가,서울특별시,성북구,보문동6가
11290129.0,2723474.0,863105.0,414679.0,서울특별시 성북구 보문동7가,서울특별시,성북구,보문동7가
11290130.0,2723474.0,863105.0,414679.0,서울특별시 성북구 보문동1가,서울특별시,성북구,보문동1가
11290131.0,2723474.0,863105.0,414679.0,서울특별시 성북구 보문동2가,서울특별시,성북구,보문동2가
11290132.0,2723474.0,863105.0,414679.0,서울특별시 성북구 보문동3가,서울특별시,성북구,보문동3가
11290135.0,0.0,0.0,0.0,서울특별시 성북구 종암동,서울특별시,성북구,종암동
11290139.0,5997041.0,2179230.0,572311.0,서울특별시 성북구 석관동,서울특별시,성북구,석관동
11305101.0,15962018.0,5340067.0,1958573.0,서울특별시 강북구 미아동,서울특별시,강북구,미아동
11305102.0,11187938.0,3546694.0,1453361.0,서울특별시 강북구 번동,서울특별시,강북구,번동
11305103.0,3200017.0,1278213.0,255266.0,서울특별시 강북구 수유동,서울특별시,강북구,수유동
11305104.0,1775237.0,625911.0,161164.0,서울특별시 강북구 우이동,서울특별시,강북구,우이동
11350102.0,3283222.0,1178444.0,290544.0,서울특별시 노원구 월계동,서울특별시,노원구,월계동
11350103.0,12621640.0,4159083.0,1539344.0,서울특별시 노원구 공릉동,서울특별시,노원구,공릉동
11350104.0,5791660.0,2055026.0,587958.0,서울특별시 노원구 하계동,서울특별시,노원구,하계동
11350105.0,27462407.0,8363694.0,3501693.0,서울특별시 노원구 상계동,서울특별시,노원구,상계동
11350106.0,0.0,0.0,0.0,서울특별시 노원구 중계동,서울특별시,노원구,중계동
11380101.0,324315.0,63226.0,66207.0,서울특별시 은평구 수색동,서울특별시,은평구,수색동
11380102.0,6240932.0,2627446.0,549912.0,서울특별시 은평구 녹번동,서울특별시,은평구,녹번동
11380105.0,0.0,0.0,0.0,서울특별시 은평구 구산동,서울특별시,은평구,구산동
11380106.0,6838417.0,1997016.0,927768.0,서울특별시 은평구 대조동,서울특별시,은평구,대조동
11380108.0,0.0,0.0,0.0,서울특별시 은평구 역촌동,서울특별시,은평구,역촌동
11380110.0,3284172.0,1310284.0,297937.0,서울특별시 은평구 증산동,서울특별시,은평구,증산동
11380114.0,6856735.0,2336938.0,760206.0,서울특별시 은평구 진관동,서울특별시,은평구,진관동
11410101.0,10318746.0,1481122.0,3180528.0,서울특별시 서대문구 충정로2가,서울특별시,서대문구,충정로2가
11410102.0,10318746.0,1481122.0,3180528.0,서울특별시 서대문구 충정로3가,서울특별시,서대문구,충정로3가
11410103.0,10318746.0,1481122.0,3180528.0,서울특별시 서대문구 합동,서울특별시,서대문구,합동
11410104.0,10318746.0,1481122.0,3180528.0,서울특별시 서대문구 미근동,서울특별시,서대문구,미근동
11410105.0,2390204.0,534664.0,336308.0,서울특별시 서대문구 냉천동,서울특별시,서대문구,냉천동
11410106.0,2390204.0,534664.0,336308.0,서울특별시 서대문구 천연동,서울특별시,서대문구,천연동
11410107.0,2390204.0,534664.0,336308.0,서울특별시 서대문구 옥천동,서울특별시,서대문구,옥천동
11410108.0,2390204.0,534664.0,336308.0,서울특별시 서대문구 영천동,서울특별시,서대문구,영천동
11410109.0,2390204.0,534664.0,336308.0,서울특별시 서대문구 현저동,서울특별시,서대문구,현저동
11410110.0,10318746.0,1481122.0,3180528.0,서울특별시 서대문구 북아현동,서울특별시,서대문구,북아현동
11410112.0,11933389.0,1424867.0,2602256.0,서울특별시 서대문구 대현동,서울특별시,서대문구,대현동
11410113.0,11933389.0,1424867.0,2602256.0,서울특별시 서대문구 대신동,서울특별시,서대문구,대신동
11410114.0,11933389.0,1424867.0,2602256.0,서울특별시 서대문구 신촌동,서울특별시,서대문구,신촌동
11410115.0,11933389.0,1424867.0,2602256.0,서울특별시 서대문구 봉원동,서울특별시,서대문구,봉원동
11410116.0,11933389.0,1424867.0,2602256.0,서울특별시 서대문구 창천동,서울특별시,서대문구,창천동
11410117.0,0.0,0.0,0.0,서울특별시 서대문구 연희동,서울특별시,서대문구,연희동
11440101.0,16472911.0,3364456.0,3948851.0,서울특별시 마포구 아현동,서울특별시,마포구,아현동
11440102.0,16472911.0,3364456.0,3948851.0,서울특별시 마포구 공덕동,서울특별시,마포구,공덕동
11440103.0,10951606.0,1727336.0,3089722.0,서울특별시 마포구 신공덕동,서울특별시,마포구,신공덕동
11440104.0,15381384.0,2612994.0,4237408.0,서울특별시 마포구 도화동,서울특별시,마포구,도화동
11440105.0,4429778.0,885658.0,1147686.0,서울특별시 마포구 용강동,서울특별시,마포구,용강동
11440106.0,4429778.0,885658.0,1147686.0,서울특별시 마포구 토정동,서울특별시,마포구,토정동
11440107.0,4429778.0,885658.0,1147686.0,서울특별시 마포구 마포동,서울특별시,마포구,마포동
11440108.0,12161610.0,2404628.0,2614082.0,서울특별시 마포구 대흥동,서울특별시,마포구,대흥동
11440109.0,9951083.0,2522778.0,2006815.0,서울특별시 마포구 염리동,서울특별시,마포구,염리동
11440110.0,50605467.0,6994525.0,12482181.0,서울특별시 마포구 노고산동,서울특별시,마포구,노고산동
11440111.0,7731832.0,1518970.0,1466396.0,서울특별시 마포구 신수동,서울특별시,마포구,신수동
11440112.0,0.0,0.0,0.0,서울특별시 마포구 현석동,서울특별시,마포구,현석동
11440113.0,0.0,0.0,0.0,서울특별시 마포구 구수동,서울특별시,마포구,구수동
11440114.0,6017625.0,1071792.0,1385054.0,서울특별시 마포구 창전동,서울특별시,마포구,창전동
11440115.0,6017625.0,1071792.0,1385054.0,서울특별시 마포구 상수동,서울특별시,마포구,상수동
11440116.0,6017625.0,1071792.0,1385054.0,서울특별시 마포구 하중동,서울특별시,마포구,하중동
11440117.0,6017625.0,1071792.0,1385054.0,서울특별시 마포구 신정동,서울특별시,마포구,신정동
11440118.0,6017625.0,1071792.0,1385054.0,서울특별시 마포구 당인동,서울특별시,마포구,당인동
11440120.0,42873635.0,5475555.0,11015785.0,서울특별시 마포구 서교동,서울특별시,마포구,서교동
11440121.0,42873635.0,5475555.0,11015785.0,서울특별시 마포구 동교동,서울특별시,마포구,동교동
11440122.0,0.0,0.0,0.0,서울특별시 마포구 합정동,서울특별시,마포구,합정동
11440124.0,0.0,0.0,0.0,서울특별시 마포구 연남동,서울특별시,마포구,연남동
11440127.0,7682081.0,2029022.0,2012738.0,서울특별시 마포구 상암동,서울특별시,마포구,상암동
11470101.0,10011585.0,4341576.0,815419.0,서울특별시 양천구 신정동,서울특별시,양천구,신정동
11470102.0,23111155.0,7866232.0,3348603.0,서울특별시 양천구 목동,서울특별시,양천구,목동
11470103.0,0.0,0.0,0.0,서울특별시 양천구 신월동,서울특별시,양천구,신월동
11500101.0,0.0,0.0,0.0,서울특별시 강서구 염창동,서울특별시,강서구,염창동
11500103.0,6569142.0,834442.0,1763198.0,서울특별시 강서구 화곡동,서울특별시,강서구,화곡동
11500104.0,0.0,0.0,0.0,서울특별시 강서구 가양동,서울특별시,강서구,가양동
11500105.0,3143260.0,967842.0,405412.0,서울특별시 강서구 마곡동,서울특별시,강서구,마곡동
11500106.0,6569142.0,834442.0,1763198.0,서울특별시 강서구 내발산동,서울특별시,강서구,내발산동
11500108.0,3143260.0,967842.0,405412.0,서울특별시 강서구 공항동,서울특별시,강서구,공항동
11500109.0,3143260.0,967842.0,405412.0,서울특별시 강서구 방화동,서울특별시,강서구,방화동
11500111.0,3143260.0,967842.0,405412.0,서울특별시 강서구 과해동,서울특별시,강서구,과해동
11500112.0,3143260.0,967842.0,405412.0,서울특별시 강서구 오곡동,서울특별시,강서구,오곡동
11500113.0,3143260.0,967842.0,405412.0,서울특별시 강서구 오쇠동,서울특별시,강서구,오쇠동
11530101.0,16929301.0,4367848.0,3044320.0,서울특별시 구로구 신도림동,서울특별시,구로구,신도림동
11530103.0,0.0,0.0,0.0,서울특별시 구로구 가리봉동,서울특별시,구로구,가리봉동
11530109.0,4642924.0,1924120.0,409730.0,서울특별시 구로구 궁동,서울특별시,구로구,궁동
11530110.0,4642924.0,1924120.0,409730.0,서울특별시 구로구 온수동,서울특별시,구로구,온수동
11545101.0,15327275.0,1082396.0,6467044.0,서울특별시 금천구 가산동,서울특별시,금천구,가산동
11560101.0,10185990.0,1772952.0,2477962.0,서울특별시 영등포구 영등포동,서울특별시,영등포구,영등포동
11560102.0,3384202.0,771653.0,757089.0,서울특별시 영등포구 영등포동1가,서울특별시,영등포구,영등포동1가
11560103.0,3384202.0,771653.0,757089.0,서울특별시 영등포구 영등포동2가,서울특별시,영등포구,영등포동2가
11560104.0,3384202.0,771653.0,757089.0,서울특별시 영등포구 영등포동3가,서울특별시,영등포구,영등포동3가
11560105.0,3384202.0,771653.0,757089.0,서울특별시 영등포구 영등포동4가,서울특별시,영등포구,영등포동4가
11560106.0,3384202.0,771653.0,757089.0,서울특별시 영등포구 영등포동5가,서울특별시,영등포구,영등포동5가
11560107.0,3384202.0,771653.0,757089.0,서울특별시 영등포구 영등포동6가,서울특별시,영등포구,영등포동6가
11560108.0,3384202.0,771653.0,757089.0,서울특별시 영등포구 영등포동7가,서울특별시,영등포구,영등포동7가
11560109.0,3384202.0,771653.0,757089.0,서울특별시 영등포구 영등포동8가,서울특별시,영등포구,영등포동8가
11560110.0,28819357.0,1351519.0,10930391.0,서울특별시 영등포구 여의도동,서울특별시,영등포구,여의도동
11560118.0,0.0,0.0,0.0,서울특별시 영등포구 도림동,서울특별시,영등포구,도림동
11560119.0,6760586.0,1328566.0,1906988.0,서울특별시 영등포구 문래동1가,서울특별시,영등포구,문래동1가
11560120.0,6760586.0,1328566.0,1906988.0,서울특별시 영등포구 문래동2가,서울특별시,영등포구,문래동2가
11560121.0,6760586.0,1328566.0,1906988.0,서울특별시 영등포구 문래동3가,서울특별시,영등포구,문래동3가
11560122.0,6760586.0,1328566.0,1906988.0,서울특별시 영등포구 문래동4가,서울특별시,영등포구,문래동4가
11560123.0,6760586.0,1328566.0,1906988.0,서울특별시 영등포구 문래동5가,서울특별시,영등포구,문래동5가
11560124.0,6760586.0,1328566.0,1906988.0,서울특별시 영등포구 문래동6가,서울특별시,영등포구,문래동6가
11560132.0,6801788.0,1001299.0,1720873.0,서울특별시 영등포구 신길동,서울특별시,영등포구,신길동
11590105.0,2875801.0,591379.0,449780.0,서울특별시 동작구 흑석동,서울특별시,동작구,흑석동
11590108.0,8188170.0,2890679.0,1131878.0,서울특별시 동작구 대방동,서울특별시,동작구,대방동
11620101.0,32932489.0,11352389.0,4237293.0,서울특별시 관악구 봉천동,서울특별시,관악구,봉천동
11620102.0,30341471.0,11723732.0,3285722.0,서울특별시 관악구 신림동,서울특별시,관악구,신림동
11620103.0,21456277.0,5407184.0,3784262.0,서울특별시 관악구 남현동,서울특별시,관악구,남현동
11650101.0,26786817.0,3751849.0,7372092.0,서울특별시 서초구 방배동,서울특별시,서초구,방배동
11650102.0,14156741.0,1610008.0,4578553.0,서울특별시 서초구 양재동,서울특별시,서초구,양재동
11650103.0,12462875.0,1384834.0,4090328.0,서울특별시 서초구 우면동,서울특별시,서초구,우면동
11650104.0,1693866.0,225174.0,488225.0,서울특별시 서초구 원지동,서울특별시,서초구,원지동
11650106.0,1578495.0,431225.0,218955.0,서울특별시 서초구 잠원동,서울특별시,서초구,잠원동
11650107.0,31289277.0,3496064.0,7754088.0,서울특별시 서초구 반포동,서울특별시,서초구,반포동
11650108.0,58667399.0,5254793.0,17281427.0,서울특별시 서초구 서초동,서울특별시,서초구,서초동
11650109.0,905311.0,203755.0,140225.0,서울특별시 서초구 내곡동,서울특별시,서초구,내곡동
11650110.0,905311.0,203755.0,140225.0,서울특별시 서초구 염곡동,서울특별시,서초구,염곡동
11650111.0,905311.0,203755.0,140225.0,서울특별시 서초구 신원동,서울특별시,서초구,신원동
11680101.0,29528501.0,2310435.0,9952429.0,서울특별시 강남구 역삼동,서울특별시,강남구,역삼동
11680103.0,2248627.0,630771.0,309896.0,서울특별시 강남구 개포동,서울특별시,강남구,개포동
11680104.0,0.0,0.0,0.0,서울특별시 강남구 청담동,서울특별시,강남구,청담동
11680105.0,17171673.0,1259649.0,6244021.0,서울특별시 강남구 삼성동,서울특별시,강남구,삼성동
11680106.0,40341726.0,2556037.0,14050941.0,서울특별시 강남구 대치동,서울특별시,강남구,대치동
11680107.0,23189976.0,4264292.0,6068790.0,서울특별시 강남구 신사동,서울특별시,강남구,신사동
11680108.0,30437628.0,1788657.0,11499253.0,서울특별시 강남구 논현동,서울특별시,강남구,논현동
11680110.0,23189976.0,4264292.0,6068790.0,서울특별시 강남구 압구정동,서울특별시,강남구,압구정동
11680111.0,0.0,0.0,0.0,서울특별시 강남구 세곡동,서울특별시,강남구,세곡동
11680112.0,0.0,0.0,0.0,서울특별시 강남구 자곡동,서울특별시,강남구,자곡동
11680113.0,0.0,0.0,0.0,서울특별시 강남구 율현동,서울특별시,강남구,율현동
11680114.0,5481438.0,1335088.0,698062.0,서울특별시 강남구 일원동,서울특별시,강남구,일원동
11680115.0,11264347.0,2533543.0,1895753.0,서울특별시 강남구 수서동,서울특별시,강남구,수서동
11680118.0,10501989.0,1746175.0,2676387.0,서울특별시 강남구 도곡동,서울특별시,강남구,도곡동
11710101.0,14852339.0,3710800.0,2442978.0,서울특별시 송파구 잠실동,서울특별시,송파구,잠실동
11710102.0,36703783.0,6522985.0,8926783.0,서울특별시 송파구 신천동,서울특별시,송파구,신천동
11710103.0,0.0,0.0,0.0,서울특별시 송파구 풍납동,서울특별시,송파구,풍납동
11710104.0,2932789.0,878337.0,434095.0,서울특별시 송파구 송파동,서울특별시,송파구,송파동
11710105.0,4583002.0,1304776.0,761353.0,서울특별시 송파구 석촌동,서울특별시,송파구,석촌동
11710106.0,0.0,0.0,0.0,서울특별시 송파구 삼전동,서울특별시,송파구,삼전동
11710107.0,12397097.0,3286583.0,2155924.0,서울특별시 송파구 가락동,서울특별시,송파구,가락동
11710108.0,15019313.0,3302562.0,3850338.0,서울특별시 송파구 문정동,서울특별시,송파구,문정동
11710109.0,15019313.0,3302562.0,3850338.0,서울특별시 송파구 장지동,서울특별시,송파구,장지동
11710111.0,9054318.0,2150013.0,1653209.0,서울특별시 송파구 방이동,서울특별시,송파구,방이동
11710112.0,3150179.0,1046908.0,485820.0,서울특별시 송파구 오금동,서울특별시,송파구,오금동
11710113.0,3206648.0,1266204.0,324501.0,서울특별시 송파구 거여동,서울특별시,송파구,거여동
11710114.0,2337627.0,992897.0,202731.0,서울특별시 송파구 마천동,서울특별시,송파구,마천동
11740105.0,2609481.0,723996.0,368136.0,서울특별시 강동구 길동,서울특별시,강동구,길동
11740110.0,0.0,0.0,0.0,서울특별시 강동구 강일동,서울특별시,강동구,강일동
26110102.0,0.0,0.0,0.0,,,,
26110104.0,0.0,0.0,0.0,,,,
26110105.0,0.0,0.0,0.0,,,,
26110106.0,0.0,0.0,0.0,,,,
26110107.0,0.0,0.0,0.0,,,,
26110108.0,0.0,0.0,0.0,,,,
26110109.0,0.0,0.0,0.0,,,,
26110110.0,0.0,0.0,0.0,,,,
26350108.0,0.0,0.0,0.0,,,,
27110108.0,3294640.0,1089206.0,514473.0,,,,
27110109.0,17064390.0,4274244.0,3102282.0,,,,
27110110.0,17064390.0,4274244.0,3102282.0,,,,
27110111.0,17064390.0,4274244.0,3102282.0,,,,
27110112.0,20359030.0,5363450.0,3616755.0,,,,
27110113.0,17064390.0,4274244.0,3102282.0,,,,
27110114.0,17064390.0,4274244.0,3102282.0,,,,
27110115.0,3294640.0,1089206.0,514473.0,,,,
27110116.0,17064390.0,4274244.0,3102282.0,,,,
27110117.0,20359030.0,5363450.0,3616755.0,,,,
27110118.0,17064390.0,4274244.0,3102282.0,,,,
27110119.0,20359030.0,5363450.0,3616755.0,,,,
27110120.0,3294640.0,1089206.0,514473.0,,,,
27110121.0,3294640.0,1089206.0,514473.0,,,,
27110122.0,3294640.0,1089206.0,514473.0,,,,
27110123.0,3294640.0,1089206.0,514473.0,,,,
27110124.0,3294640.0,1089206.0,514473.0,,,,
27110125.0,3294640.0,1089206.0,514473.0,,,,
27110126.0,3294640.0,1089206.0,514473.0,,,,
27110127.0,3294640.0,1089206.0,514473.0,,,,
27110128.0,3294640.0,1089206.0,514473.0,,,,
27110129.0,0.0,0.0,0.0,,,,
27110130.0,17064390.0,4274244.0,3102282.0,,,,
27110131.0,17064390.0,4274244.0,3102282.0,,,,
27110132.0,0.0,0.0,0.0,,,,
27110133.0,0.0,0.0,0.0,,,,
27110134.0,17064390.0,4274244.0,3102282.0,,,,
27110135.0,0.0,0.0,0.0,,,,
27110136.0,17064390.0,4274244.0,3102282.0,,,,
27110137.0,17064390.0,4274244.0,3102282.0,,,,
27110138.0,17064390.0,4274244.0,3102282.0,,,,
27110139.0,17064390.0,4274244.0,3102282.0,,,,
27110140.0,17064390.0,4274244.0,3102282.0,,,,
27110141.0,0.0,0.0,0.0,,,,
27110142.0,17064390.0,4274244.0,3102282.0,,,,
27110143.0,20359030.0,5363450.0,3616755.0,,,,
27110144.0,17064390.0,4274244.0,3102282.0,,,,
27110145.0,17064390.0,4274244.0,3102282.0,,,,
27110146.0,17064390.0,4274244.0,3102282.0,,,,
27110147.0,17064390.0,4274244.0,3102282.0,,,,
27110148.0,3294640.0,1089206.0,514473.0,,,,
27110149.0,17064390.0,4274244.0,3102282.0,,,,
27110150.0,20359030.0,5363450.0,3616755.0,,,,
27110151.0,20359030.0,5363450.0,3616755.0,,,,
27110152.0,17064390.0,4274244.0,3102282.0,,,,
27110153.0,17064390.0,4274244.0,3102282.0,,,,
27110155.0,0.0,0.0,0.0,,,,
27290104.0,7322586.0,1428988.0,1447128.0,,,,
27290105.0,7322586.0,1428988.0,1447128.0,,,,
27290106.0,7322586.0,1428988.0,1447128.0,,,,
27290107.0,7322586.0,1428988.0,1447128.0,,,,
27290125.0,7322586.0,1428988.0,1447128.0,,,,
28200110.0,30437628.0,1788657.0,11499253.0,,,,
28260105.0,0.0,0.0,0.0,,,,
28260106.0,0.0,0.0,0.0,,,,
28260107.0,0.0,0.0,0.0,,,,
29155101.0,17546632.0,975332.0,6033566.0,,,,
29155102.0,17546632.0,975332.0,6033566.0,,,,
29155103.0,17546632.0,975332.0,6033566.0,,,,
29170101.0,0.0,0.0,0.0,,,,
29170102.0,0.0,0.0,0.0,,,,
29170103.0,0.0,0.0,0.0,,,,
29170104.0,0.0,0.0,0.0,,,,
29200127.0,5917159.0,2040365.0,772304.0,,,,
29200128.0,5917159.0,2040365.0,772304.0,,,,
30110101.0,0.0,0.0,0.0,,,,
30110112.0,0.0,0.0,0.0,,,,
30110113.0,0.0,0.0,0.0,,,,
30110114.0,10309406.0,2452104.0,2307928.0,,,,
30110118.0,0.0,0.0,0.0,,,,
30110119.0,0.0,0.0,0.0,,,,
30110120.0,0.0,0.0,0.0,,,,
30140105.0,7731832.0,1518970.0,1466396.0,,,,
30170105.0,0.0,0.0,0.0,,,,
31110102.0,0.0,0.0,0.0,,,,
31110104.0,0.0,0.0,0.0,,,,
31110105.0,0.0,0.0,0.0,,,,
31110106.0,0.0,0.0,0.0,,,,
31110107.0,0.0,0.0,0.0,,,,
31140104.0,7795475.0,3426391.0,627541.0,,,,
31200125.0,0.0,0.0,0.0,,,,
31200126.0,0.0,0.0,0.0,,,,
41131107.0,0.0,0.0,0.0,,,,
41131108.0,0.0,0.0,0.0,,,,
41131109.0,11933389.0,1424867.0,2602256.0,,,,
41131110.0,11933389.0,1424867.0,2602256.0,,,,
41131111.0,11933389.0,1424867.0,2602256.0,,,,
41133132.0,0.0,0.0,0.0,,,,
41173104.0,11933389.0,1424867.0,2602256.0,,,,
41220101.0,0.0,0.0,0.0,,,,
41220102.0,0.0,0.0,0.0,,,,
41220109.0,0.0,0.0,0.0,,,,
41250103.0,0.0,0.0,0.0,,,,
41273101.0,0.0,0.0,0.0,,,,
41290101.0,0.0,0.0,0.0,,,,
41290107.0,0.0,0.0,0.0,,,,
41370101.0,0.0,0.0,0.0,,,,
41370102.0,0.0,0.0,0.0,,,,
41370109.0,0.0,0.0,0.0,,,,
41390127.0,0.0,0.0,0.0,,,,
41390128.0,0.0,0.0,0.0,,,,
41410104.0,3150179.0,1046908.0,485820.0,,,,
41410105.0,3150179.0,1046908.0,485820.0,,,,
41450115.0,0.0,0.0,0.0,,,,
41450116.0,0.0,0.0,0.0,,,,
41461101.0,0.0,0.0,0.0,,,,
41461104.0,0.0,0.0,0.0,,,,
41610103.0,0.0,0.0,0.0,,,,
41670103.0,0.0,0.0,0.0,,,,
41670107.0,0.0,0.0,0.0,,,,
41670108.0,0.0,0.0,0.0,,,,
41670109.0,0.0,0.0,0.0,,,,
41670110.0,0.0,0.0,0.0,,,,
41670111.0,0.0,0.0,0.0,,,,
43111101.0,0.0,0.0,0.0,,,,
43111103.0,0.0,0.0,0.0,,,,
43111104.0,0.0,0.0,0.0,,,,
43111112.0,0.0,0.0,0.0,,,,
43150101.0,0.0,0.0,0.0,,,,
43150103.0,21456277.0,5407184.0,3784262.0,,,,
43150104.0,21456277.0,5407184.0,3784262.0,,,,
43150106.0,0.0,0.0,0.0,,,,
43150107.0,0.0,0.0,0.0,,,,
43150108.0,0.0,0.0,0.0,,,,
44131101.0,0.0,0.0,0.0,,,,
44131104.0,0.0,0.0,0.0,,,,
44131105.0,0.0,0.0,0.0,,,,
44131106.0,0.0,0.0,0.0,,,,
44131108.0,23361337.0,7911858.0,3016859.0,,,,
44131109.0,23361337.0,7911858.0,3016859.0,,,,
44131110.0,23361337.0,7911858.0,3016859.0,,,,
44131111.0,23361337.0,7911858.0,3016859.0,,,,
44131120.0,23361337.0,7911858.0,3016859.0,,,,
45111101.0,0.0,0.0,0.0,,,,
45111102.0,0.0,0.0,0.0,,,,
45111103.0,0.0,0.0,0.0,,,,
45111104.0,0.0,0.0,0.0,,,,
45111113.0,0.0,0.0,0.0,,,,
45111114.0,0.0,0.0,0.0,,,,
45111115.0,0.0,0.0,0.0,,,,
45111116.0,0.0,0.0,0.0,,,,
45111117.0,0.0,0.0,0.0,,,,
45111119.0,0.0,0.0,0.0,,,,
45113129.0,28819357.0,1351519.0,10930391.0,,,,
45113130.0,28819357.0,1351519.0,10930391.0,,,,
45113131.0,28819357.0,1351519.0,10930391.0,,,,
45113132.0,28819357.0,1351519.0,10930391.0,,,,
45113139.0,28819357.0,1351519.0,10930391.0,,,,
45130121.0,0.0,0.0,0.0,,,,
45130122.0,0.0,0.0,0.0,,,,
45130123.0,0.0,0.0,0.0,,,,
45130124.0,0.0,0.0,0.0,,,,
45130125.0,0.0,0.0,0.0,,,,
45130130.0,0.0,0.0,0.0,,,,
45130131.0,0.0,0.0,0.0,,,,
45130149.0,0.0,0.0,0.0,,,,
45130150.0,0.0,0.0,0.0,,,,
45130151.0,0.0,0.0,0.0,,,,
45130152.0,0.0,0.0,0.0,,,,
45140101.0,0.0,0.0,0.0,,,,
45140102.0,0.0,0.0,0.0,,,,
45140103.0,0.0,0.0,0.0,,,,
45140104.0,0.0,0.0,0.0,,,,
45140105.0,0.0,0.0,0.0,,,,
45140107.0,0.0,0.0,0.0,,,,
45140131.0,0.0,0.0,0.0,,,,
45140132.0,0.0,0.0,0.0,,,,
45140133.0,0.0,0.0,0.0,,,,
45140134.0,0.0,0.0,0.0,,,,
46130105.0,0.0,0.0,0.0,,,,
46130107.0,0.0,0.0,0.0,,,,
46130108.0,0.0,0.0,0.0,,,,
46130113.0,6017625.0,1071792.0,1385054.0,,,,
46130114.0,6017625.0,1071792.0,1385054.0,,,,
46150120.0,0.0,0.0,0.0,,,,
46150121.0,0.0,0.0,0.0,,,,
46150122.0,0.0,0.0,0.0,,,,
46170113.0,0.0,0.0,0.0,,,,
46170114.0,0.0,0.0,0.0,,,,
46170115.0,0.0,0.0,0.0,,,,
46170116.0,0.0,0.0,0.0,,,,
46170117.0,0.0,0.0,0.0,,,,
46170118.0,0.0,0.0,0.0,,,,
46170119.0,0.0,0.0,0.0,,,,
47111105.0,0.0,0.0,0.0,,,,
47111106.0,0.0,0.0,0.0,,,,
47113101.0,0.0,0.0,0.0,,,,
47113102.0,0.0,0.0,0.0,,,,
47113103.0,0.0,0.0,0.0,,,,
47113104.0,0.0,0.0,0.0,,,,
47113105.0,0.0,0.0,0.0,,,,
47113106.0,0.0,0.0,0.0,,,,
47113107.0,0.0,0.0,0.0,,,,
47113108.0,0.0,0.0,0.0,,,,
47113109.0,0.0,0.0,0.0,,,,
47113110.0,0.0,0.0,0.0,,,,
47113111.0,0.0,0.0,0.0,,,,
47113112.0,0.0,0.0,0.0,,,,
47113113.0,0.0,0.0,0.0,,,,
47130125.0,4429778.0,885658.0,1147686.0,,,,
47190101.0,0.0,0.0,0.0,,,,
47190110.0,0.0,0.0,0.0,,,,
47230104.0,0.0,0.0,0.0,,,,
47230105.0,0.0,0.0,0.0,,,,
47230106.0,0.0,0.0,0.0,,,,
47230108.0,0.0,0.0,0.0,,,,
47230121.0,0.0,0.0,0.0,,,,
47230122.0,0.0,0.0,0.0,,,,
47230123.0,0.0,0.0,0.0,,,,
47230127.0,0.0,0.0,0.0,,,,
47290102.0,0.0,0.0,0.0,,,,
47290117.0,0.0,0.0,0.0,,,,
48123104.0,0.0,0.0,0.0,,,,
48123111.0,0.0,0.0,0.0,,,,
48123125.0,0.0,0.0,0.0,,,,
48123127.0,0.0,0.0,0.0,,,,
48123137.0,0.0,0.0,0.0,,,,
48123138.0,0.0,0.0,0.0,,,,
48123139.0,0.0,0.0,0.0,,,,
48123140.0,0.0,0.0,0.0,,,,
48170105.0,0.0,0.0,0.0,,,,
48170106.0,0.0,0.0,0.0,,,,
48170107.0,0.0,0.0,0.0,,,,
48170108.0,0.0,0.0,0.0,,,,
48170109.0,0.0,0.0,0.0,,,,
48170110.0,0.0,0.0,0.0,,,,
48170111.0,0.0,0.0,0.0,,,,
48170112.0,0.0,0.0,0.0,,,,
48170113.0,0.0,0.0,0.0,,,,
48170115.0,0.0,0.0,0.0,,,,
48170116.0,0.0,0.0,0.0,,,,
48170117.0,0.0,0.0,0.0,,,,
48170118.0,0.0,0.0,0.0,,,,
48220104.0,0.0,0.0,0.0,,,,
48220105.0,0.0,0.0,0.0,,,,
48220106.0,0.0,0.0,0.0,,,,
48220107.0,0.0,0.0,0.0,,,,
48250102.0,31419778.0,3173048.0,8755367.0,,,,
48250104.0,31419778.0,3173048.0,8755367.0,,,,
48330101.0,0.0,0.0,0.0,,,,
48330102.0,0.0,0.0,0.0,,,,
48330103.0,0.0,0.0,0.0,,,,
48330104.0,0.0,0.0,0.0,,,,
48330105.0,0.0,0.0,0.0,,,,
48330106.0,0.0,0.0,0.0,,,,
48330107.0,0.0,0.0,0.0,,,,
48330108.0,0.0,0.0,0.0,,,,
48330109.0,0.0,0.0,0.0,,,,
50110113.0,2066096.0,975203.0,129691.0,,,,
50110114.0,2066096.0,975203.0,129691.0,,,,
50110115.0,2066096.0,975203.0,129691.0,,,,
50110130.0,2066096.0,975203.0,129691.0,,,,
50110131.0,2066096.0,975203.0,129691.0,,,,
50130101.0,0.0,0.0,0.0,,,,
51130101.0,0.0,0.0,0.0,,,,
51130102.0,0.0,0.0,0.0,,,,
51130109.0,0.0,0.0,0.0,,,,
51150102.0,0.0,0.0,0.0,,,,
51150103.0,0.0,0.0,0.0,,,,
51150104.0,0.0,0.0,0.0,,,,
51150105.0,0.0,0.0,0.0,,,,
51150106.0,0.0,0.0,0.0,,,,
51150107.0,0.0,0.0,0.0,,,,
51150108.0,0.0,0.0,0.0,,,,
51150114.0,0.0,0.0,0.0,,,,
51150115.0,0.0,0.0,0.0,,,,
51150116.0,905311.0,203755.0,140225.0,,,,
51150117.0,905311.0,203755.0,140225.0,,,,
51170103.0,0.0,0.0,0.0,,,,
51170104.0,0.0,0.0,0.0,,,,
